,pairwise.differences.of.APOE..Sex..Age_Cat..Diet.1,Group 1 Mean,Group 2 Mean,F1 SD,F2 SD,Estimate,SE,df,t-ratio,p-value,fdr_adjusted_pvals,cohens_d,lower_CI,upper_CI
1,E2HN Male Old Control - E2HN Female Young Control,14.249222,30.9298,5.03966008,5.8534,-16.68057778,3.455874089,184,-4.82673192,0.000709668,0.030210449,-3.1368,-4.58,-1.69
2,E3HN Male Old Control - E2HN Female Young Control,13.4228,30.9298,5.188959,5.8534,-17.507,3.363700836,184,-5.204684023,0.000132012,0.01627832,-3.165146,-4.58,-1.755
3,E3HN Male Old Control - E2HN Female Young HFD,13.4228,28.619,5.188959,8.128992,-15.1962,3.163694993,184,-4.803307535,0.000784687,0.030210449,-2.164277,-3.262,-1.0663
4,E2HN Female Young Control - E3HN Male Old HFD,30.9298,10.76983,5.8534,5.103242,20.15996667,3.884067167,184,5.190426891,0.000140938,0.01627832,3.601884,1.843564,5.360205
5,E2HN Female Young Control - E4HN Female Young HFD,30.9298,16.20106,5.8534,5.792374,14.72874118,2.997504106,184,4.91366839,0.00048682,0.030210449,2.533137,1.447909,3.618365
6,E3HN Male Old HFD - E2HN Female Young HFD,10.76983,30.9298,5.103242,5.8534,-17.84916667,3.712204257,184,-4.808239372,0.000768289,0.030210449,-2.422138,-3.753125,-1.09115
